DateTime,Most recent forecast [MW],Day-Ahead forecast [MW],Corrected Upscaled Measurement [MW]
01/10/2016 00:00,0.0,0.0,0.0
01/10/2016 01:00,0.0,0.0,0.0
01/10/2016 02:00,0.0,0.0,0.0
01/10/2016 03:00,0.0,0.0,0.0
01/10/2016 04:00,0.0,0.0,0.0
01/10/2016 05:00,0.0,0.0,0.0
01/10/2016 06:00,0.0,0.0,0.0
01/10/2016 07:00,2.5399792737691257e-06,0.0007018809393182017,2.5399792737691257e-06
01/10/2016 08:00,0.01954683383116927,0.043590277636667805,0.01943592140288135
01/10/2016 09:00,0.07508178733261536,0.14486348458063247,0.07939636545899117
01/10/2016 10:00,0.14219481302365905,0.25599011778730546,0.18241199818476145
01/10/2016 11:00,0.21513455116872912,0.35251610346859574,0.2921323295335243
01/10/2016 12:00,0.2828241521549184,0.41735161441082635,0.37381298301939186
01/10/2016 13:00,0.309595533700445,0.3995759927932321,0.3923556783776644
01/10/2016 14:00,0.3013236678655368,0.33825411984638204,0.3291220476974241
01/10/2016 15:00,0.2628099621373756,0.2657631113730112,0.2661551148409296
01/10/2016 16:00,0.19664180873617404,0.19850869350239436,0.21528864324467112
01/10/2016 17:00,0.11470800398268749,0.11641233007538658,0.09027679000806019
01/10/2016 18:00,0.03372584479710645,0.03384945712176322,0.02278022744667737
01/10/2016 19:00,0.0008026334505110438,0.0008034801102689669,0.0006392281172318966
01/10/2016 20:00,0.0,0.0,0.0
01/10/2016 21:00,0.0,0.0,0.0
01/10/2016 22:00,0.0,0.0,0.0
01/10/2016 23:00,0.0,0.0,0.0
02/10/2016 00:00,0.0,0.0,0.0
02/10/2016 01:00,0.0,0.0,0.0
02/10/2016 02:00,0.0,0.0,0.0
02/10/2016 03:00,0.0,0.0,0.0
02/10/2016 04:00,0.0,0.0,0.0
02/10/2016 05:00,0.0,0.0,0.0
02/10/2016 06:00,0.0,0.0,0.0
02/10/2016 07:00,0.00017779854916383881,0.00045465629000467355,0.00017695188940591576
02/10/2016 08:00,0.018076185831656946,0.033528573073510384,0.017925480394746646
02/10/2016 09:00,0.07642035640989168,0.11799558382270266,0.08387434891864616
02/10/2016 10:00,0.1391620777707787,0.1913383320125441,0.18673250292944274
02/10/2016 11:00,0.18716006610719385,0.23403792358387687,0.2614392199892982
02/10/2016 12:00,0.21204593637182587,0.24386679671360548,0.2384668007775723
02/10/2016 13:00,0.1972776502143742,0.24118288528098944,0.2599152324250368
02/10/2016 14:00,0.17128180900710516,0.2322192984238582,0.23274930743231798
02/10/2016 15:00,0.1454891661417376,0.20253964060986596,0.1555203909536098
02/10/2016 16:00,0.11055513787007497,0.15788934495627846,0.14029998848542727
02/10/2016 17:00,0.06788348607075366,0.09825994486551655,0.10018778913430731
02/10/2016 18:00,0.01924118965855905,0.027785679935518393,0.03690674550762332
02/10/2016 19:00,0.00043094981678282835,0.0005985884488515906,0.0012437431843889488
02/10/2016 20:00,0.0,0.0,0.0
02/10/2016 21:00,0.0,0.0,0.0
02/10/2016 22:00,0.0,0.0,0.0
02/10/2016 23:00,0.0,0.0,0.0
03/10/2016 00:00,0.0,0.0,0.0
03/10/2016 01:00,0.0,0.0,0.0
03/10/2016 02:00,0.0,0.0,0.0
03/10/2016 03:00,0.0,0.0,0.0
03/10/2016 04:00,0.0,0.0,0.0
03/10/2016 05:00,0.0,0.0,0.0
03/10/2016 06:00,0.0,0.0,0.0
03/10/2016 07:00,5.0799585475382515e-06,0.0003860768496129071,4.23329878961521e-06
03/10/2016 08:00,0.027108352129179957,0.03328812170226024,0.02676376160770528
03/10/2016 09:00,0.09854188256490494,0.12076416123111103,0.09947828825716781
03/10/2016 10:00,0.17504944492986269,0.20966428247278834,0.204001822011799
03/10/2016 11:00,0.24024986622775824,0.28948905776928857,0.28287241176112
03/10/2016 12:00,0.2913965822038892,0.35621177331192977,0.35140613252595854
03/10/2016 13:00,0.3200221486192672,0.3810104376214956,0.35699239360873475
03/10/2016 14:00,0.32492261529812577,0.36538279180975214,0.3400287186989887
03/10/2016 15:00,0.30240400571664666,0.3205690908228855,0.26550403348708673
03/10/2016 16:00,0.23234460406803079,0.24003735462851955,0.22122796144650123
03/10/2016 17:00,0.1368176769010898,0.13736885240349772,0.1220282242496901
03/10/2016 18:00,0.03683901272698948,0.03723440283393954,0.03545303070326946
03/10/2016 19:00,0.0005791152744193607,0.0005740353158718225,0.0006366881379581275
03/10/2016 20:00,0.0,0.0,0.0
03/10/2016 21:00,0.0,0.0,0.0
03/10/2016 22:00,0.0,0.0,0.0
03/10/2016 23:00,0.0,0.0,0.0
04/10/2016 00:00,0.0,0.0,0.0
04/10/2016 01:00,0.0,0.0,0.0
04/10/2016 02:00,0.0,0.0,0.0
04/10/2016 03:00,0.0,0.0,0.0
04/10/2016 04:00,0.0,0.0,0.0
04/10/2016 05:00,0.0,0.0,0.0
04/10/2016 06:00,0.0,0.0,0.0
04/10/2016 07:00,8.46659757923042e-07,0.0004284098375090592,0.0
04/10/2016 08:00,0.014935924789520383,0.04338369265573459,0.014613347421751703
04/10/2016 09:00,0.06229722498797742,0.15264513441570315,0.05883099993904049
04/10/2016 10:00,0.16086366068586214,0.26841823637385787,0.13106462384600273
04/10/2016 11:00,0.25337647911459704,0.3673851421372401,0.1965266630090965
04/10/2016 12:00,0.31695385365655415,0.4391590297956502,0.2114820609730491
04/10/2016 13:00,0.33261197921958285,0.46295609561159307,0.21103925791965533
04/10/2016 14:00,0.31097812908513334,0.43905658396494146,0.2194034096681771
04/10/2016 15:00,0.26560309267876375,0.3792485386652578,0.179105791830072
04/10/2016 16:00,0.1983495214679048,0.2831323363068024,0.13985803209179146
04/10/2016 17:00,0.11269295375883065,0.15690721963708776,0.0839793347286286
04/10/2016 18:00,0.029778717005669236,0.04034333746503295,0.023079945000982125
04/10/2016 19:00,0.00036491035566483106,0.0004698961656472883,0.0002650045042299121
04/10/2016 20:00,0.0,0.0,0.0
04/10/2016 21:00,0.0,0.0,0.0
04/10/2016 22:00,0.0,0.0,0.0
04/10/2016 23:00,0.0,0.0,0.0
05/10/2016 00:00,0.0,0.0,0.0
05/10/2016 01:00,0.0,0.0,0.0
05/10/2016 02:00,0.0,0.0,0.0
05/10/2016 03:00,0.0,0.0,0.0
05/10/2016 04:00,0.0,0.0,0.0
05/10/2016 05:00,0.0,0.0,0.0
05/10/2016 06:00,0.0,0.0,0.0
05/10/2016 07:00,8.46659757923042e-07,0.00044110973387790487,0.0
05/10/2016 08:00,0.04558331470681865,0.07004077513394157,0.04522856426824891
05/10/2016 09:00,0.1983054951604928,0.24497338101721086,0.2151421711065504
05/10/2016 10:00,0.3781809007105168,0.42267964426743604,0.4065626291156131
05/10/2016 11:00,0.5103554954991567,0.5473756934143417,0.5219284877302067
05/10/2016 12:00,0.5841706798339192,0.6158840143864426,0.5732292957822797
05/10/2016 13:00,0.6109166615867081,0.6374289652463102,0.6225302934861384
05/10/2016 14:00,0.5880441482264172,0.604910457264002,0.6078094202751305
05/10/2016 15:00,0.5112140084936907,0.5190904842216487,0.5185189888850507
05/10/2016 16:00,0.37504402630741196,0.37988184016418425,0.37141608924471176
05/10/2016 17:00,0.1993350334261272,0.20267933946992323,0.1844592214794194
05/10/2016 18:00,0.048219813192991005,0.04913843903033751,0.03648680226769349
05/10/2016 19:00,0.0003572904178435237,0.0003691436544544463,0.0003208840482528329
05/10/2016 20:00,0.0,0.0,0.0
05/10/2016 21:00,0.0,0.0,0.0
05/10/2016 22:00,0.0,0.0,0.0
05/10/2016 23:00,0.0,0.0,0.0
06/10/2016 00:00,0.0,0.0,0.0
06/10/2016 01:00,0.0,0.0,0.0
06/10/2016 02:00,0.0,0.0,0.0
06/10/2016 03:00,0.0,0.0,0.0
06/10/2016 04:00,0.0,0.0,0.0
06/10/2016 05:00,0.0,0.0,0.0
06/10/2016 06:00,0.0,0.0,0.0
06/10/2016 07:00,0.0,0.00020912496020699138,0.0
06/10/2016 08:00,0.021450971626738192,0.052758756155216434,0.020611085146878535
06/10/2016 09:00,0.08210567668434492,0.1916659893388603,0.08302684250096519
06/10/2016 10:00,0.18670625647694714,0.31266636864243186,0.21064556113222116
06/10/2016 11:00,0.30699290160458953,0.3819824030235913,0.4296730538678804
06/10/2016 12:00,0.3816953853656554,0.39508869607624003,0.5225287694985742
06/10/2016 13:00,0.3857381857097379,0.34929625640921436,0.4668117841491746
06/10/2016 14:00,0.31947181977661726,0.27883807801461674,0.37733593427210965
06/10/2016 15:00,0.22636718617709412,0.20625055032884265,0.28358021931874366
06/10/2016 16:00,0.14520722844234923,0.14542735997940923,0.15542725838023827
06/10/2016 17:00,0.06992478274710612,0.07923804008425957,0.06603268783993388
06/10/2016 18:00,0.015342321473323442,0.018408076456762776,0.010689079443778405
06/10/2016 19:00,0.00012869228320430237,9.567255264530373e-05,5.926618305461294e-06
06/10/2016 20:00,0.0,0.0,0.0
06/10/2016 21:00,0.0,0.0,0.0
06/10/2016 22:00,0.0,0.0,0.0
06/10/2016 23:00,0.0,0.0,0.0
07/10/2016 00:00,0.0,0.0,0.0
07/10/2016 01:00,0.0,0.0,0.0
07/10/2016 02:00,0.0,0.0,0.0
07/10/2016 03:00,0.0,0.0,0.0
07/10/2016 04:00,0.0,0.0,0.0
07/10/2016 05:00,0.0,0.0,0.0
07/10/2016 06:00,0.0,0.0,0.0
07/10/2016 07:00,0.0,4.063966838030601e-05,0.0
07/10/2016 08:00,0.01009811093274812,0.02191155453504833,0.010029531492356355
07/10/2016 09:00,0.06027455482629928,0.09419005140918049,0.057716795697613774
07/10/2016 10:00,0.12876001598493622,0.15622819851123348,0.1179786506275442
07/10/2016 11:00,0.20012581364002735,0.19557671076070685,0.16977898793679175
07/10/2016 12:00,0.24642286252277512,0.21375364910355665,0.1628905641463299
07/10/2016 13:00,0.25331297963275284,0.2252987015625952,0.13762031035160086
07/10/2016 14:00,0.2438024505720033,0.22326163818503242,0.1288463752802444
07/10/2016 15:00,0.21737650620770935,0.20070577557420463,0.10818025724910084
07/10/2016 16:00,0.16353487222210933,0.1501076951212078,0.09285148233190416
07/10/2016 17:00,0.0899203462499746,0.08152317477089387,0.0606978847052608
07/10/2016 18:00,0.019586626839791652,0.017812027987184956,0.013349284403172604
07/10/2016 19:00,5.9266183054612936e-05,5.757286353876686e-05,2.5399792737691257e-06
07/10/2016 20:00,0.0,0.0,0.0
07/10/2016 21:00,0.0,0.0,0.0
07/10/2016 22:00,0.0,0.0,0.0
07/10/2016 23:00,0.0,0.0,0.0
08/10/2016 00:00,0.0,0.0,0.0
08/10/2016 01:00,0.0,0.0,0.0
08/10/2016 02:00,0.0,0.0,0.0
08/10/2016 03:00,0.0,0.0,0.0
08/10/2016 04:00,0.0,0.0,0.0
08/10/2016 05:00,0.0,0.0,0.0
08/10/2016 06:00,0.0,0.0,0.0
08/10/2016 07:00,0.0,2.4553132979768216e-05,0.0
08/10/2016 08:00,0.007996701413583131,0.015692838613103582,0.007966221662297901
08/10/2016 09:00,0.054699300320376044,0.0723716294475037,0.05730701237477902
08/10/2016 10:00,0.12943819045103258,0.13572717913288493,0.16239611484770283
08/10/2016 11:00,0.22055910023774206,0.19827840204823927,0.28950006434614156
08/10/2016 12:00,0.32225479040091026,0.25895004030100444,0.44122064630619273
08/10/2016 13:00,0.3824463725709331,0.30962770677124607,0.5053483496907998
08/10/2016 14:00,0.3938246330576609,0.3295927905228293,0.43159412485860776
08/10/2016 15:00,0.3549248504798867,0.306119148734413,0.36336604826637947
08/10/2016 16:00,0.2452714052519998,0.2213219406796307,0.26741917785950864
08/10/2016 17:00,0.11732926259321723,0.1152261597545364,0.12284355759657001
08/10/2016 18:00,0.019072704366732366,0.023553227805661103,0.029699130988424468
08/10/2016 19:00,4.571962692784427e-05,3.3019730558998635e-05,0.00010752578925622633
08/10/2016 20:00,0.0,0.0,0.0
08/10/2016 21:00,0.0,0.0,0.0
08/10/2016 22:00,0.0,0.0,0.0
08/10/2016 23:00,0.0,0.0,0.0
09/10/2016 00:00,0.0,0.0,0.0
09/10/2016 01:00,0.0,0.0,0.0
09/10/2016 02:00,0.0,0.0,0.0
09/10/2016 03:00,0.0,0.0,0.0
09/10/2016 04:00,0.0,0.0,0.0
09/10/2016 05:00,0.0,0.0,0.0
09/10/2016 06:00,0.0,0.0,0.0
09/10/2016 07:00,0.0,3.555970983276776e-05,0.0
09/10/2016 08:00,0.028945603803872958,0.04154813430055744,0.028894804218397574
09/10/2016 09:00,0.15489894269129428,0.17780701576141802,0.16816440777843253
09/10/2016 10:00,0.30568227229932465,0.33005337343113944,0.35571393737427104
09/10/2016 11:00,0.43286411449549234,0.4566628736309512,0.485533124716369
09/10/2016 12:00,0.5159332899843537,0.5331170964311598,0.4861410264225577
09/10/2016 13:00,0.5340247156916533,0.5354233976117421,0.44978968971613187
09/10/2016 14:00,0.49600630592187694,0.4790036846632664,0.4213410751901598
09/10/2016 15:00,0.4112793706270023,0.389148531214652,0.3791596393906759
09/10/2016 16:00,0.2883926333827782,0.2735794742581567,0.2739020516259254
09/10/2016 17:00,0.15015426140789356,0.13972002655125,0.12871344969825047
09/10/2016 18:00,0.029466299554995627,0.027596874809501553,0.023231497097650346
09/10/2016 19:00,1.0159917095076503e-05,1.0159917095076503e-05,1.777985491638388e-05
09/10/2016 20:00,0.0,0.0,0.0
09/10/2016 21:00,0.0,0.0,0.0
09/10/2016 22:00,0.0,0.0,0.0
09/10/2016 23:00,0.0,0.0,0.0
10/10/2016 00:00,0.0,0.0,0.0
10/10/2016 01:00,0.0,0.0,0.0
10/10/2016 02:00,0.0,0.0,0.0
10/10/2016 03:00,0.0,0.0,0.0
10/10/2016 04:00,0.0,0.0,0.0
10/10/2016 05:00,0.0,0.0,0.0
10/10/2016 06:00,0.0,0.0,0.0
10/10/2016 07:00,0.0,4.23329878961521e-06,0.0
10/10/2016 08:00,0.0193495621075732,0.019788978521935258,0.01945454791755566
10/10/2016 09:00,0.09314103996911384,0.09587744430672113,0.09929371642994059
10/10/2016 10:00,0.17062480103495686,0.18322817819139928,0.22910528383421724
10/10/2016 11:00,0.23728063045672215,0.2647284931488292,0.37430997229729274
10/10/2016 12:00,0.2835302663930262,0.32316833627970926,0.40783854537080305
10/10/2016 13:00,0.2812595249222766,0.33235036135438467,0.3630671773718326
10/10/2016 14:00,0.24944035790001287,0.3056577191663449,0.3021779475612812
10/10/2016 15:00,0.20232458903135347,0.2505215424108806,0.2457709345091744
10/10/2016 16:00,0.14715285256605637,0.18161783133182963,0.14147938552821407
10/10/2016 17:00,0.07820172854056177,0.09597481017888226,0.059536267517390384
10/10/2016 18:00,0.013998672437499573,0.01734721178008521,0.010946464010187009
10/10/2016 19:00,0.0,0.0,0.0
10/10/2016 20:00,0.0,0.0,0.0
10/10/2016 21:00,0.0,0.0,0.0
10/10/2016 22:00,0.0,0.0,0.0
10/10/2016 23:00,0.0,0.0,0.0
11/10/2016 00:00,0.0,0.0,0.0
11/10/2016 01:00,0.0,0.0,0.0
11/10/2016 02:00,0.0,0.0,0.0
11/10/2016 03:00,0.0,0.0,0.0
11/10/2016 04:00,0.0,0.0,0.0
11/10/2016 05:00,0.0,0.0,0.0
11/10/2016 06:00,0.0,0.0,0.0
11/10/2016 07:00,0.0,8.46659757923042e-07,0.0
11/10/2016 08:00,0.023683613408381255,0.03797269014284843,0.023688693366928793
11/10/2016 09:00,0.1326394109957396,0.17487333970021468,0.13093169826400883
11/10/2016 10:00,0.3305816891200834,0.31349694186495436,0.26742171783878244
11/10/2016 11:00,0.47339117712799456,0.4098629088519971,0.37079718096166997
11/10/2016 12:00,0.4920794979646299,0.4478322123558138,0.46245402637514477
11/10/2016 13:00,0.4785075420451235,0.4348038120008941,0.5014063018579101
11/10/2016 14:00,0.43496721733417315,0.38830187145672884,0.4756229722498797
11/10/2016 15:00,0.3493208095421941,0.315954795142205,0.3537522267151633
11/10/2016 16:00,0.22759484282608253,0.21898431308800517,0.19890069697031268
11/10/2016 17:00,0.11030621990124559,0.10864253347692683,0.08340191277372509
11/10/2016 18:00,0.019319082356287973,0.018567248491252308,0.012826895332534085
11/10/2016 19:00,0.0,0.0,0.0
11/10/2016 20:00,0.0,0.0,0.0
11/10/2016 21:00,0.0,0.0,0.0
11/10/2016 22:00,0.0,0.0,0.0
11/10/2016 23:00,0.0,0.0,0.0
12/10/2016 00:00,0.0,0.0,0.0
12/10/2016 01:00,0.0,0.0,0.0
12/10/2016 02:00,0.0,0.0,0.0
12/10/2016 03:00,0.0,0.0,0.0
12/10/2016 04:00,0.0,0.0,0.0
12/10/2016 05:00,0.0,0.0,0.0
12/10/2016 06:00,0.0,0.0,0.0
12/10/2016 07:00,0.0,0.0,0.0
12/10/2016 08:00,0.0031038546725458715,0.0056607671414734585,0.0032003738849490982
12/10/2016 09:00,0.02513648155297719,0.030019168376919377,0.02558690454419225
12/10/2016 10:00,0.05924670988018071,0.06574736350151382,0.05627154749083914
12/10/2016 11:00,0.09658525186434477,0.1029834596549692,0.08030567803900053
12/10/2016 12:00,0.12900808729400767,0.1348805193749619,0.09456596834169834
12/10/2016 13:00,0.14371118065009922,0.15161220951103704,0.10734714404730455
12/10/2016 14:00,0.14100186942474546,0.15484475646678722,0.10211648006285602
12/10/2016 15:00,0.1236961439727985,0.14126687392897538,0.07767764615040741
12/10/2016 16:00,0.089431823569653,0.10516360853162103,0.05007061142381078
12/10/2016 17:00,0.04393063485935288,0.05303900053508897,0.025243160682475493
12/10/2016 18:00,0.007215234457020163,0.008382778263196038,0.004101219867379216
12/10/2016 19:00,0.0,0.0,0.0
12/10/2016 20:00,0.0,0.0,0.0
12/10/2016 21:00,0.0,0.0,0.0
12/10/2016 22:00,0.0,0.0,0.0
12/10/2016 23:00,0.0,0.0,0.0
13/10/2016 00:00,0.0,0.0,0.0
13/10/2016 01:00,0.0,0.0,0.0
13/10/2016 02:00,0.0,0.0,0.0
13/10/2016 03:00,0.0,0.0,0.0
13/10/2016 04:00,0.0,0.0,0.0
13/10/2016 05:00,0.0,0.0,0.0
13/10/2016 06:00,0.0,0.0,0.0
13/10/2016 07:00,0.0,0.0,0.0
13/10/2016 08:00,0.03665359424000433,0.03665359424000433,0.019765272048713412
13/10/2016 09:00,0.18196665515209395,0.18196665515209395,0.14228032565920928
13/10/2016 10:00,0.3294166852931813,0.3294166852931813,0.31268838179613784
13/10/2016 11:00,0.43231971227114785,0.43231971227114785,0.4304443609073483
13/10/2016 12:00,0.4723658721611498,0.4723658721611498,0.46703276234599256
13/10/2016 13:00,0.4725783837603885,0.4725783837603885,0.46643248057762515
13/10/2016 14:00,0.4239657204397212,0.4239657204397212,0.4299448316501737
13/10/2016 15:00,0.3333841329188087,0.3333841329188087,0.3601656743814304
13/10/2016 16:00,0.21945336259389453,0.21945336259389453,0.2297546718685442
13/10/2016 17:00,0.10438468155433185,0.10438468155433185,0.08409956041425368
13/10/2016 18:00,0.015090016865462377,0.015090016865462377,0.013296791498181375
13/10/2016 19:00,0.0,0.0,0.0
13/10/2016 20:00,0.0,0.0,0.0
13/10/2016 21:00,0.0,0.0,0.0
13/10/2016 22:00,0.0,0.0,0.0
13/10/2016 23:00,0.0,0.0,0.0
14/10/2016 00:00,0.0,0.0,0.0
14/10/2016 01:00,0.0,0.0,0.0
14/10/2016 02:00,0.0,0.0,0.0
14/10/2016 03:00,0.0,0.0,0.0
14/10/2016 04:00,0.0,0.0,0.0
14/10/2016 05:00,0.0,0.0,0.0
14/10/2016 06:00,0.0,0.0,0.0
14/10/2016 07:00,0.0,0.0,0.0
14/10/2016 08:00,0.007901028860937827,0.015991709507650415,0.009030472978007166
14/10/2016 09:00,0.046628939507853615,0.08881291528661125,0.07842186007762177
14/10/2016 10:00,0.09903379188425822,0.1674574468805668,0.14745765007890868
14/10/2016 11:00,0.14878436591957409,0.2329110194460813,0.21306023476181765
14/10/2016 12:00,0.19615328605585244,0.2688627327467674,0.22834921667039196
14/10/2016 13:00,0.22684554894032063,0.2573134469889392,0.2279766863769058
14/10/2016 14:00,0.23784789249453056,0.21274443067211238,0.2184356775648711
14/10/2016 15:00,0.22116192198538326,0.15754475443480379,0.1457059110397659
14/10/2016 16:00,0.15603008012787947,0.10504592282526974,0.08279993768584182
14/10/2016 17:00,0.07483202270402807,0.049070706249703666,0.04035095740285426
14/10/2016 18:00,0.010071864480252508,0.0067004653242029545,0.0025619924274751247
14/10/2016 19:00,0.0,0.0,0.0
14/10/2016 20:00,0.0,0.0,0.0
14/10/2016 21:00,0.0,0.0,0.0
14/10/2016 22:00,0.0,0.0,0.0
14/10/2016 23:00,0.0,0.0,0.0
15/10/2016 00:00,0.0,0.0,0.0
15/10/2016 01:00,0.0,0.0,0.0
15/10/2016 02:00,0.0,0.0,0.0
15/10/2016 03:00,0.0,0.0,0.0
15/10/2016 04:00,0.0,0.0,0.0
15/10/2016 05:00,0.0,0.0,0.0
15/10/2016 06:00,0.0,0.0,0.0
15/10/2016 07:00,0.0,0.0,0.0
15/10/2016 08:00,0.006953616591821943,0.006018904219074905,0.001497741111765861
15/10/2016 09:00,0.047184348309051126,0.03886506952769932,0.0197280190193648
15/10/2016 10:00,0.10595523540527908,0.10808966465500307,0.07475074336726745
15/10/2016 11:00,0.1673406078339734,0.21507359166615866,0.1922603444889223
15/10/2016 12:00,0.2199884515609019,0.3398068938424129,0.3138762454365039
15/10/2016 13:00,0.2546718685442193,0.39523093491557104,0.42115650336293253
15/10/2016 14:00,0.2679068538800723,0.38792256788517937,0.46168356599543475
15/10/2016 15:00,0.2506104416854625,0.3359266521718516,0.3862673480584398
15/10/2016 16:00,0.18175922351140278,0.23293641923881897,0.25945041621793696
15/10/2016 17:00,0.08620181659317659,0.11039003921727997,0.10210039352745548
15/10/2016 18:00,0.011268194718197766,0.013591429093938593,0.009916079084794667
15/10/2016 19:00,0.0,0.0,0.0
15/10/2016 20:00,0.0,0.0,0.0
15/10/2016 21:00,0.0,0.0,0.0
15/10/2016 22:00,0.0,0.0,0.0
15/10/2016 23:00,0.0,0.0,0.0
16/10/2016 00:00,0.0,0.0,0.0
16/10/2016 01:00,0.0,0.0,0.0
16/10/2016 02:00,0.0,0.0,0.0
16/10/2016 03:00,0.0,0.0,0.0
16/10/2016 04:00,0.0,0.0,0.0
16/10/2016 05:00,0.0,0.0,0.0
16/10/2016 06:00,0.0,0.0,0.0
16/10/2016 07:00,0.0,0.0,0.0
16/10/2016 08:00,0.024628485698223367,0.03192499949200414,0.018289544090653552
16/10/2016 09:00,0.148499041581154,0.17997531140145895,0.14025088221946774
16/10/2016 10:00,0.2861472917047663,0.3277724720432948,0.32748122108656924
16/10/2016 11:00,0.4139658220388921,0.43010908364321077,0.4588938220930784
16/10/2016 12:00,0.5064371541394889,0.4825444157709006,0.5369710916492254
16/10/2016 13:00,0.54919855187315,0.4908950209632955,0.5488209416211164
16/10/2016 14:00,0.5339375097365872,0.45058724320809534,0.5023054545208244
16/10/2016 15:00,0.4588904354540467,0.36580781500822956,0.39646197820359114
16/10/2016 16:00,0.32162402888125763,0.24263575342558538,0.24597921280962345
16/10/2016 17:00,0.1503684663266481,0.1106922967508585,0.0888069886683058
16/10/2016 18:00,0.01921578986582136,0.012517864520892175,0.007250794166852931
16/10/2016 19:00,0.0,0.0,0.0
16/10/2016 20:00,0.0,0.0,0.0
16/10/2016 21:00,0.0,0.0,0.0
16/10/2016 22:00,0.0,0.0,0.0
16/10/2016 23:00,0.0,0.0,0.0
17/10/2016 00:00,0.0,0.0,0.0
17/10/2016 01:00,0.0,0.0,0.0
17/10/2016 02:00,0.0,0.0,0.0
17/10/2016 03:00,0.0,0.0,0.0
17/10/2016 04:00,0.0,0.0,0.0
17/10/2016 05:00,0.0,0.0,0.0
17/10/2016 06:00,0.0,0.0,0.0
17/10/2016 07:00,0.0,0.0,0.0
17/10/2016 08:00,0.0073363068024031594,0.008276945793455658,0.00729228049499116
17/10/2016 09:00,0.06578715651013621,0.05941688849152323,0.06307784528478247
17/10/2016 10:00,0.16777155765075624,0.12372323708505203,0.12243292761397732
17/10/2016 11:00,0.2495148639587101,0.18766552198267394,0.16111088533517567
17/10/2016 12:00,0.301586132390493,0.24025833282533748,0.1776698568806345
17/10/2016 13:00,0.3353856365865388,0.2769170070238893,0.20186739276207502
17/10/2016 14:00,0.3334400124628316,0.28300364402359807,0.2757088235493332
17/10/2016 15:00,0.2888625295484255,0.25053085566821776,0.29016807889514284
17/10/2016 16:00,0.20362336510000745,0.17328754597362483,0.21517180419807774
17/10/2016 17:00,0.09617716186102587,0.07870887773555767,0.0882490398878345
17/10/2016 18:00,0.010492654379940259,0.008761235174987638,0.010074404459526277
17/10/2016 19:00,0.0,0.0,0.0
17/10/2016 20:00,0.0,0.0,0.0
17/10/2016 21:00,0.0,0.0,0.0
17/10/2016 22:00,0.0,0.0,0.0
17/10/2016 23:00,0.0,0.0,0.0
18/10/2016 00:00,0.0,0.0,0.0
18/10/2016 01:00,0.0,0.0,0.0
18/10/2016 02:00,0.0,0.0,0.0
18/10/2016 03:00,0.0,0.0,0.0
18/10/2016 04:00,0.0,0.0,0.0
18/10/2016 05:00,0.0,0.0,0.0
18/10/2016 06:00,0.0,0.0,0.0
18/10/2016 07:00,0.0,0.0,0.0
18/10/2016 08:00,0.01645737237450809,0.013063113404994615,0.018318330522422935
18/10/2016 09:00,0.09688158277961784,0.0846989955228632,0.1096737650620771
18/10/2016 10:00,0.15615792575132587,0.1420237877525586,0.18401218512723605
18/10/2016 11:00,0.16718482243851557,0.15947175204383665,0.1768866966045557
18/10/2016 12:00,0.15280261313067683,0.15444597972080548,0.12958296926963742
18/10/2016 13:00,0.13100620432270604,0.1361919953399847,0.11763067346703783
18/10/2016 14:00,0.10446596089109246,0.10724723819586965,0.10601873488712332
18/10/2016 15:00,0.07366024559906258,0.07468893720493906,0.09041310222908581
18/10/2016 16:00,0.04872696238798691,0.04840269170070239,0.06567878406112206
18/10/2016 17:00,0.021130934238243283,0.020739777430082835,0.026715502001503664
18/10/2016 18:00,0.0024349934637866687,0.002396047114922209,0.006457473973679041
18/10/2016 19:00,0.0,0.0,0.0
18/10/2016 20:00,0.0,0.0,0.0
18/10/2016 21:00,0.0,0.0,0.0
18/10/2016 22:00,0.0,0.0,0.0
18/10/2016 23:00,0.0,0.0,0.0
19/10/2016 00:00,0.0,0.0,0.0
19/10/2016 01:00,0.0,0.0,0.0
19/10/2016 02:00,0.0,0.0,0.0
19/10/2016 03:00,0.0,0.0,0.0
19/10/2016 04:00,0.0,0.0,0.0
19/10/2016 05:00,0.0,0.0,0.0
19/10/2016 06:00,0.0,0.0,0.0
19/10/2016 07:00,0.0,0.0,0.0
19/10/2016 08:00,0.008353145171668732,0.003960674347563991,0.008306578884982964
19/10/2016 09:00,0.06680738151843346,0.03203421860077622,0.06228113845257689
19/10/2016 10:00,0.1036811072954978,0.07151226979321182,0.07472026361598222
19/10/2016 11:00,0.12036369116561342,0.10314771164800628,0.09236888626988804
19/10/2016 12:00,0.1298979266995848,0.11598984685618298,0.10889060478599827
19/10/2016 13:00,0.12766020495939417,0.11812850940469659,0.10658938356396346
19/10/2016 14:00,0.10881694538705897,0.10557508517397164,0.11250584195232967
19/10/2016 15:00,0.08798064874457291,0.08871893605348179,0.11481214313291202
19/10/2016 16:00,0.061039088587703794,0.056697417349074436,0.08254678641822283
19/10/2016 17:00,0.02625830573222522,0.02319763070733343,0.027175238250055876
19/10/2016 18:00,0.002506959543210127,0.002300374562276905,0.002230948462127216
19/10/2016 19:00,0.0,0.0,0.0
19/10/2016 20:00,0.0,0.0,0.0
19/10/2016 21:00,0.0,0.0,0.0
19/10/2016 22:00,0.0,0.0,0.0
19/10/2016 23:00,0.0,0.0,0.0
20/10/2016 00:00,0.0,0.0,0.0
20/10/2016 01:00,0.0,0.0,0.0
20/10/2016 02:00,0.0,0.0,0.0
20/10/2016 03:00,0.0,0.0,0.0
20/10/2016 04:00,0.0,0.0,0.0
20/10/2016 05:00,0.0,0.0,0.0
20/10/2016 06:00,0.0,0.0,0.0
20/10/2016 07:00,0.0,0.0,0.0
20/10/2016 08:00,0.005506675065531466,0.006566693082451114,0.00551090836432108
20/10/2016 09:00,0.05203401540243432,0.05772356897567715,0.04858303022913999
20/10/2016 10:00,0.10684253483158244,0.11989040836093443,0.11538617844878385
20/10/2016 11:00,0.14608436795155752,0.16896450124966977,0.19898705626562088
20/10/2016 12:00,0.16849545174378042,0.19700671909183887,0.23147169785761212
20/10/2016 13:00,0.17125556255460955,0.2038866762847215,0.2039188493555226
20/10/2016 14:00,0.15413610224940563,0.18955441990260025,0.17064596752890496
20/10/2016 15:00,0.11344902092265594,0.15659395552665623,0.16003054748406584
20/10/2016 16:00,0.07326739547138628,0.11484939616226064,0.08518836486294272
20/10/2016 17:00,0.031514369509411465,0.0509680707672092,0.04265471860416285
20/10/2016 18:00,0.002985322306436646,0.0043391312593555895,0.004057193559967217
20/10/2016 19:00,0.0,0.0,0.0
20/10/2016 20:00,0.0,0.0,0.0
20/10/2016 21:00,0.0,0.0,0.0
20/10/2016 22:00,0.0,0.0,0.0
20/10/2016 23:00,0.0,0.0,0.0
21/10/2016 00:00,0.0,0.0,0.0
21/10/2016 01:00,0.0,0.0,0.0
21/10/2016 02:00,0.0,0.0,0.0
21/10/2016 03:00,0.0,0.0,0.0
21/10/2016 04:00,0.0,0.0,0.0
21/10/2016 05:00,0.0,0.0,0.0
21/10/2016 06:00,0.0,0.0,0.0
21/10/2016 07:00,0.0,0.0,0.0
21/10/2016 08:00,0.004215518934698826,0.00769021058121499,0.004192659121234904
21/10/2016 09:00,0.04883956813579068,0.07566090260703472,0.04566967400212681
21/10/2016 10:00,0.1325843781114746,0.1622259362363603,0.10911835626087957
21/10/2016 11:00,0.21141009489362564,0.2355813843225706,0.19867294549543138
21/10/2016 12:00,0.2661534215214137,0.28100637365465764,0.3057838714702754
21/10/2016 13:00,0.2823280095367755,0.28175736085993536,0.35819549712474347
21/10/2016 14:00,0.26605690230901047,0.25757929815292707,0.30937032220483746
21/10/2016 15:00,0.22133040727720993,0.21239476019209014,0.2293872215336056
21/10/2016 16:00,0.1505843645649185,0.14338183000426716,0.1597274432907294
21/10/2016 17:00,0.0638686254986826,0.06073937103339904,0.06230992488434628
21/10/2016 18:00,0.004696421677199114,0.004580429290363657,0.004652395369787116
21/10/2016 19:00,0.0,0.0,0.0
21/10/2016 20:00,0.0,0.0,0.0
21/10/2016 21:00,0.0,0.0,0.0
21/10/2016 22:00,0.0,0.0,0.0
21/10/2016 23:00,0.0,0.0,0.0
22/10/2016 00:00,0.0,0.0,0.0
22/10/2016 01:00,0.0,0.0,0.0
22/10/2016 02:00,0.0,0.0,0.0
22/10/2016 03:00,0.0,0.0,0.0
22/10/2016 04:00,0.0,0.0,0.0
22/10/2016 05:00,0.0,0.0,0.0
22/10/2016 06:00,0.0,0.0,0.0
22/10/2016 07:00,0.0,0.0,0.0
22/10/2016 08:00,0.005528688219237464,0.005376289462811316,0.005461802098361543
22/10/2016 09:00,0.052400619077614986,0.05801227995312891,0.050311062795060923
22/10/2016 10:00,0.12621411009286163,0.1343437370884387,0.12406105432846333
22/10/2016 11:00,0.18998875635841478,0.20594490615623243,0.19048405231679974
22/10/2016 12:00,0.23620113926537026,0.2595875750987205,0.24310226295220094
22/10/2016 13:00,0.25979077344062207,0.285876360582231,0.3070039081814425
22/10/2016 14:00,0.25916593853927483,0.2795365723149032,0.31013062266745234
22/10/2016 15:00,0.229438021119081,0.23928975406227349,0.23752700844627772
22/10/2016 16:00,0.158995082600126,0.1612192577841898,0.15450439924410214
22/10/2016 17:00,0.06616561342192781,0.06657963004355218,0.0573798251139604
22/10/2016 18:00,0.004568576053752734,0.00450084327311889,0.0035034780782855473
22/10/2016 19:00,0.0,0.0,0.0
22/10/2016 20:00,0.0,0.0,0.0
22/10/2016 21:00,0.0,0.0,0.0
22/10/2016 22:00,0.0,0.0,0.0
22/10/2016 23:00,0.0,0.0,0.0
23/10/2016 00:00,0.0,0.0,0.0
23/10/2016 01:00,0.0,0.0,0.0
23/10/2016 02:00,0.0,0.0,0.0
23/10/2016 03:00,0.0,0.0,0.0
23/10/2016 04:00,0.0,0.0,0.0
23/10/2016 05:00,0.0,0.0,0.0
23/10/2016 06:00,0.0,0.0,0.0
23/10/2016 07:00,0.0,0.0,0.0
23/10/2016 08:00,0.0040402603648087565,0.011386727084306991,0.004022480509892372
23/10/2016 09:00,0.05027211644619646,0.11809718299365345,0.04467738876584101
23/10/2016 10:00,0.16981793428565622,0.25875107525789254,0.10316295152364889
23/10/2016 11:00,0.2864021362919012,0.37736980066242654,0.15283901950026754
23/10/2016 12:00,0.3631882497172156,0.44727341691558464,0.18602215539254532
23/10/2016 13:00,0.39961493914209656,0.47225157309383015,0.1974706886391807
23/10/2016 14:00,0.3874873847696069,0.44725563706066823,0.18123514112124844
23/10/2016 15:00,0.32860050528654355,0.3676713131354181,0.14719518555395253
23/10/2016 16:00,0.2193331369082695,0.24124892474210743,0.07276871287396962
23/10/2016 17:00,0.09026070347265965,0.09852071607095685,0.02269979476967468
23/10/2016 18:00,0.0051967975941316314,0.0057158000257384566,0.000928785754441577
23/10/2016 19:00,0.0,0.0,0.0
23/10/2016 20:00,0.0,0.0,0.0
23/10/2016 21:00,0.0,0.0,0.0
23/10/2016 22:00,0.0,0.0,0.0
23/10/2016 23:00,0.0,0.0,0.0
24/10/2016 00:00,0.0,0.0,0.0
24/10/2016 01:00,0.0,0.0,0.0
24/10/2016 02:00,0.0,0.0,0.0
24/10/2016 03:00,0.0,0.0,0.0
24/10/2016 04:00,0.0,0.0,0.0
24/10/2016 05:00,0.0,0.0,0.0
24/10/2016 06:00,0.0,0.0,0.0
24/10/2016 07:00,0.0,0.0,0.0
24/10/2016 08:00,0.0006587012916641267,0.0014621814019330935,0.0006519280136007424
24/10/2016 09:00,0.012142794248132268,0.011786350490046667,0.010998110255420315
24/10/2016 10:00,0.034707970116297185,0.030542404107315815,0.031079186393839022
24/10/2016 11:00,0.05621990124560583,0.05400249933960539,0.06900954354879131
24/10/2016 12:00,0.07155290946159212,0.06905272319644537,0.06926269481641029
24/10/2016 13:00,0.08149946829767202,0.07121678553769667,0.07737030865828134
24/10/2016 14:00,0.08193465141324446,0.06346730877342707,0.07124811194873983
24/10/2016 15:00,0.06875723894093023,0.04738585333143681,0.057340878765095936
24/10/2016 16:00,0.045442769187003434,0.02737589661268364,0.030559337302474277
24/10/2016 17:00,0.016784183041066384,0.009993125122765664,0.011990395491706121
24/10/2016 18:00,0.001051551419340418,0.000705267578349894,0.0005706486768401303
24/10/2016 19:00,0.0,0.0,0.0
24/10/2016 20:00,0.0,0.0,0.0
24/10/2016 21:00,0.0,0.0,0.0
24/10/2016 22:00,0.0,0.0,0.0
24/10/2016 23:00,0.0,0.0,0.0
25/10/2016 00:00,0.0,0.0,0.0
25/10/2016 01:00,0.0,0.0,0.0
25/10/2016 02:00,0.0,0.0,0.0
25/10/2016 03:00,0.0,0.0,0.0
25/10/2016 04:00,0.0,0.0,0.0
25/10/2016 05:00,0.0,0.0,0.0
25/10/2016 06:00,0.0,0.0,0.0
25/10/2016 07:00,0.0,0.0,0.0
25/10/2016 08:00,0.0010718712535305712,0.0024730931528932055,0.0010566313778879563
25/10/2016 09:00,0.02964240478464362,0.03207231828988275,0.032138357751000754
25/10/2016 10:00,0.08113455794200719,0.0815248680904097,0.09546766098388636
25/10/2016 11:00,0.12630724266623317,0.12505503288426498,0.15044212572558738
25/10/2016 12:00,0.15835077452434654,0.15346131442234096,0.1590983750905926
25/10/2016 13:00,0.16761153895650877,0.15846930689045577,0.14393300550667507
25/10/2016 14:00,0.15576084232485995,0.1433606635103191,0.1482780633843361
25/10/2016 15:00,0.12715474908391414,0.11290885199710102,0.1292654718604163
25/10/2016 16:00,0.0829243966702565,0.07244952214523262,0.0760385128590684
25/10/2016 17:00,0.0306778696685835,0.02588746875825493,0.035392071200698996
25/10/2016 18:00,0.0016230467559384715,0.0014376282689533254,0.0018626514674306923
25/10/2016 19:00,0.0,0.0,0.0
25/10/2016 20:00,0.0,0.0,0.0
25/10/2016 21:00,0.0,0.0,0.0
25/10/2016 22:00,0.0,0.0,0.0
25/10/2016 23:00,0.0,0.0,0.0
26/10/2016 00:00,0.0,0.0,0.0
26/10/2016 01:00,0.0,0.0,0.0
26/10/2016 02:00,0.0,0.0,0.0
26/10/2016 03:00,0.0,0.0,0.0
26/10/2016 04:00,0.0,0.0,0.0
26/10/2016 05:00,0.0,0.0,0.0
26/10/2016 06:00,0.0,0.0,0.0
26/10/2016 07:00,0.0,0.0,0.0
26/10/2016 08:00,0.004686261760104037,0.005179017739215248,0.00463969547341827
26/10/2016 09:00,0.06828310947649334,0.07821866173572023,0.07096363427007768
26/10/2016 10:00,0.17088218560136548,0.188798352738775,0.19157370342524668
26/10/2016 11:00,0.26065097975467183,0.28879056346900206,0.3029196215092218
26/10/2016 12:00,0.31565253760862644,0.3463685069663165,0.37672549258664717
26/10/2016 13:00,0.34517048340885537,0.35075420451235784,0.43201152811926385
26/10/2016 14:00,0.3403538360460312,0.31064962509905913,0.3809427048408618
26/10/2016 15:00,0.28837400686810394,0.23809765712311784,0.2976720243296148
26/10/2016 16:00,0.1842170767886534,0.14722143200644813,0.17558538055662798
26/10/2016 17:00,0.06754990212613199,0.05359356267652855,0.05142272705721388
26/10/2016 18:00,0.0027372509973651944,0.0022343351011589077,0.0019473174432229966
26/10/2016 19:00,0.0,0.0,0.0
26/10/2016 20:00,0.0,0.0,0.0
26/10/2016 21:00,0.0,0.0,0.0
26/10/2016 22:00,0.0,0.0,0.0
26/10/2016 23:00,0.0,0.0,0.0
27/10/2016 00:00,0.0,0.0,0.0
27/10/2016 01:00,0.0,0.0,0.0
27/10/2016 02:00,0.0,0.0,0.0
27/10/2016 03:00,0.0,0.0,0.0
27/10/2016 04:00,0.0,0.0,0.0
27/10/2016 05:00,0.0,0.0,0.0
27/10/2016 06:00,0.0,0.0,0.0
27/10/2016 07:00,0.0,0.0,0.0
27/10/2016 08:00,0.0009448722898421149,0.0026432717642357367,0.000950798908147576
27/10/2016 09:00,0.023414375605361727,0.05483222590236997,0.020719457595892683
27/10/2016 10:00,0.08440689790637974,0.15178492810165334,0.05493213175380488
27/10/2016 11:00,0.1414980120428884,0.23445363352501708,0.09267199046322448
27/10/2016 12:00,0.17990419198179342,0.283015497260209,0.1518086345748752
27/10/2016 13:00,0.19385799145212307,0.2935504846280454,0.1680170889805539
27/10/2016 14:00,0.1844888545709467,0.26555229309328837,0.17060786783979842
27/10/2016 15:00,0.15064109076869933,0.2072225157309383,0.14767100833790528
27/10/2016 16:00,0.09422222447998156,0.12852549123199153,0.09877386733857585
27/10/2016 17:00,0.03253374785795081,0.04602019114190695,0.037457074350273296
27/10/2016 18:00,0.0013580422517085592,0.0017381924830160052,0.0013377224175184063
27/10/2016 19:00,0.0,0.0,0.0
27/10/2016 20:00,0.0,0.0,0.0
27/10/2016 21:00,0.0,0.0,0.0
27/10/2016 22:00,0.0,0.0,0.0
27/10/2016 23:00,0.0,0.0,0.0
28/10/2016 00:00,0.0,0.0,0.0
28/10/2016 01:00,0.0,0.0,0.0
28/10/2016 02:00,0.0,0.0,0.0
28/10/2016 03:00,0.0,0.0,0.0
28/10/2016 04:00,0.0,0.0,0.0
28/10/2016 05:00,0.0,0.0,0.0
28/10/2016 06:00,0.0,0.0,0.0
28/10/2016 07:00,0.0,0.0,0.0
28/10/2016 08:00,0.0009093125800093471,0.0018203184795345401,0.0008966126836405014
28/10/2016 09:00,0.027516442132498865,0.025729990043281244,0.026231212619971685
28/10/2016 10:00,0.0730514972331159,0.06947351309613313,0.05288829509817867
28/10/2016 11:00,0.11213077167956977,0.10413745690501831,0.09461338128814202
28/10/2016 12:00,0.1306260540913986,0.12307554237024092,0.10240434438054985
28/10/2016 13:00,0.12536999031421237,0.12389764899518418,0.09399447300510028
28/10/2016 14:00,0.10211140010430847,0.1087483659466672,0.07307097040754813
28/10/2016 15:00,0.07349006698772004,0.08287867704332866,0.06235310453200035
28/10/2016 16:00,0.043785856040748035,0.050062991485989465,0.03172010783058676
28/10/2016 17:00,0.01405031868273288,0.016358313182831093,0.009617208190247833
28/10/2016 18:00,0.0005596420999871307,0.0006874877234335101,0.0004885226803215952
28/10/2016 19:00,0.0,0.0,0.0
28/10/2016 20:00,0.0,0.0,0.0
28/10/2016 21:00,0.0,0.0,0.0
28/10/2016 22:00,0.0,0.0,0.0
28/10/2016 23:00,0.0,0.0,0.0
29/10/2016 00:00,0.0,0.0,0.0
29/10/2016 01:00,0.0,0.0,0.0
29/10/2016 02:00,0.0,0.0,0.0
29/10/2016 03:00,0.0,0.0,0.0
29/10/2016 04:00,0.0,0.0,0.0
29/10/2016 05:00,0.0,0.0,0.0
29/10/2016 06:00,0.0,0.0,0.0
29/10/2016 07:00,0.0,0.0,0.0
29/10/2016 08:00,0.0010608646766775715,0.0024815597504724363,0.0010413915022453415
29/10/2016 09:00,0.028314842284220293,0.04636308834386578,0.03225689011710998
29/10/2016 10:00,0.0774016350693245,0.1196838233800012,0.11169304858472354
29/10/2016 11:00,0.13267327738605653,0.18835131638659158,0.19014623507338846
29/10/2016 12:00,0.17719403409668177,0.2402566395058216,0.25145456146411177
29/10/2016 13:00,0.1991682414538164,0.2647428863647139,0.27973299737874135
29/10/2016 14:00,0.198006624265946,0.25300394882111094,0.26673931007389645
29/10/2016 15:00,0.17293872215336054,0.20797604291548982,0.2245697275110235
29/10/2016 16:00,0.11194704651210045,0.13172163181815102,0.13577120544029694
29/10/2016 17:00,0.036923678702781786,0.04332696645195375,0.04003853995218065
29/10/2016 18:00,0.0009838186387065748,0.001128597457311415,0.0011065843036054158
29/10/2016 19:00,0.0,0.0,0.0
29/10/2016 20:00,0.0,0.0,0.0
29/10/2016 21:00,0.0,0.0,0.0
29/10/2016 22:00,0.0,0.0,0.0
29/10/2016 23:00,0.0,0.0,0.0
30/10/2016 00:00,0.0,0.0,0.0
30/10/2016 01:00,0.0,0.0,0.0
30/10/2016 02:00,0.0,0.0,0.0
30/10/2016 02:00,0.0,0.0,0.0
30/10/2016 03:00,0.0,0.0,0.0
30/10/2016 04:00,0.0,0.0,0.0
30/10/2016 05:00,0.0,0.0,0.0
30/10/2016 06:00,0.0,0.0,0.0
30/10/2016 07:00,0.0036651900920488486,0.0035458110661816993,0.003662650112775079
30/10/2016 08:00,0.06613259369136881,0.0750758607143099,0.06607925412661966
30/10/2016 09:00,0.18981519110804057,0.18383861987686181,0.2090419875507149
30/10/2016 10:00,0.27464372557386596,0.27203178022067337,0.3698133623229634
30/10/2016 11:00,0.3284591131069704,0.3262577977363705,0.44494510258129627
30/10/2016 12:00,0.3518116825500037,0.33947076991851743,0.4409785016154268
30/10/2016 13:00,0.33545167604765674,0.31440540778520576,0.37062615569056956
30/10/2016 14:00,0.27229593806514535,0.25316904747390595,0.26749791721699545
30/10/2016 15:00,0.1704707089590149,0.16001700092793908,0.13048804855085716
30/10/2016 16:00,0.05421331761932822,0.05369939514626894,0.03540731107634162
30/10/2016 17:00,0.0011133575816688003,0.0011438373329540296,0.0006146749842521284
30/10/2016 18:00,0.0,0.0,0.0
30/10/2016 19:00,0.0,0.0,0.0
30/10/2016 20:00,0.0,0.0,0.0
30/10/2016 21:00,0.0,0.0,0.0
30/10/2016 22:00,0.0,0.0,0.0
30/10/2016 23:00,0.0,0.0,0.0
31/10/2016 00:00,0.0,0.0,0.0
31/10/2016 01:00,0.0,0.0,0.0
31/10/2016 02:00,0.0,0.0,0.0
31/10/2016 03:00,0.0,0.0,0.0
31/10/2016 04:00,0.0,0.0,0.0
31/10/2016 05:00,0.0,0.0,0.0
31/10/2016 06:00,0.0,0.0,0.0
31/10/2016 07:00,0.002528126037158203,0.004102066527137138,0.0025264327176423573
31/10/2016 08:00,0.06320315092895508,0.10222654583138602,0.06313626480807917
31/10/2016 09:00,0.20495008094067285,0.24982728140938365,0.2133929720466814
31/10/2016 10:00,0.3541213703696177,0.36993866796713604,0.37300526961033326
31/10/2016 11:00,0.43478433882646184,0.43682986880160396,0.45035271845515074
31/10/2016 12:00,0.4576907185770697,0.45983446108413084,0.4639644673832795
31/10/2016 13:00,0.43151453884136304,0.4336794478423722,0.42364822303050004
31/10/2016 14:00,0.34518402996498215,0.35390208549231567,0.3252104796158196
31/10/2016 15:00,0.2099606133880614,0.22062513969886002,0.17163401946640114
31/10/2016 16:00,0.060405787088777356,0.07253926807957246,0.03984888816640589
31/10/2016 17:00,0.0011446839927119526,0.0011429906731961067,0.0010075251119284199
31/10/2016 18:00,0.0,0.0,0.0
31/10/2016 19:00,0.0,0.0,0.0
31/10/2016 20:00,0.0,0.0,0.0
31/10/2016 21:00,0.0,0.0,0.0
31/10/2016 22:00,0.0,0.0,0.0
31/10/2016 23:00,0.0,0.0,0.0
